id,annotID,date_create,date_updated,gene_name,gene_description,domains,flag,alt_name,PB_IDs,UniProt_ID
1226,ENSG00000003756,3/18/2010,4/24/2010,RBM5,RNA binding motif protein 5 [Source:HGNC Symbol;Acc:9902],RRMx2; Znf_C2H2x1,LUCA15; H37,\N,\N,
1228,ENSG00000004534,3/18/2010,4/24/2010,RBM6,RNA binding motif protein 6 [Source:HGNC Symbol;Acc:9903],RRMx2,DEF-3; 3G2; NY-LU-12; g16; DEF3,\N,\N,
1229,ENSG00000005189,3/18/2010,4/5/2010,,Putative RNA exonuclease NEF-sp (EC 3.1.-.-) [Source:UniProtKB/Swiss-Prot;Acc:Q96IC2],RRMx2,,\N,\N,
1230,ENSG00000006047,3/18/2010,4/24/2010,YBX2,Y box binding protein 2 [Source:HGNC Symbol;Acc:17948],CSDx1,MSY2; CSDA3,\N,\N,
1231,ENSG00000009307,3/18/2010,4/29/2010,CSDE1,"cold shock domain containing E1, RNA-binding [Source:HGNC Symbol;Acc:29905]",CSDx5,D1S155E; UNR,\N,\N,
1233,ENSG00000011304,3/18/2010,4/7/2010,PTBP1,polypyrimidine tract binding protein 1 [Source:HGNC Symbol;Acc:9583],RRMx4,HNRPI; HNRNP-I; PTB2; PTB3; PTB-1; PTB4; pPTB,\N,\N,
1234,ENSG00000014164,3/18/2010,4/28/2010,ZC3H3,zinc finger CCCH-type containing 3 [Source:HGNC Symbol;Acc:28972],Znf_CCCHx1,KIAA0150,\N,\N,
1235,ENSG00000015479,3/18/2010,4/6/2010,MATR3,matrin 3 [Source:HGNC Symbol;Acc:6912],RRMx2,KIAA0723; MGC9105,\N,\N,
1236,ENSG00000020577,3/18/2010,4/29/2010,SAMD4A,sterile alpha motif domain containing 4A [Source:HGNC Symbol;Acc:23023],SAMx1,KIAA1053; DKFZP434H0350; Smaug; SMG; SMGA; hSmaug1,\N,\N,
1239,ENSG00000047188,3/18/2010,4/29/2010,YTHDC2,YTH domain containing 2 [Source:HGNC Symbol;Acc:24721],YTHx1,FLJ2194; FLJ10053; DKFZp564A186,\N,\N,
1242,ENSG00000048740,3/18/2010,3/30/2010,CUGBP2,"CUG triplet repeat, RNA binding protein 2 [Source:HGNC Symbol;Acc:2550]",RRMx3,,\N,\N,
1243,ENSG00000055917,3/18/2010,4/29/2010,PUM2,pumilio homolog 2 (Drosophila) [Source:HGNC Symbol;Acc:14958],PUMx1,PUMH2; KIAA0235,\N,\N,
1244,ENSG00000056586,3/18/2010,4/28/2010,RC3H2,ring finger and CCCH-type zinc finger domains 2 [Source:HGNC Symbol;Acc:21461],Znf_CCCHx1; Znf_RING,FLJ20301; FLJ20713; RNF164,\N,\N,
1245,ENSG00000058673,3/18/2010,4/28/2010,ZC3H11A,zinc finger CCCH-type containing 11A [Source:HGNC Symbol;Acc:29093],Znf_CCCHx3,KIAA0663,\N,\N,
1247,ENSG00000059378,3/18/2010,4/30/2010,PARP12,"poly (ADP-ribose) polymerase family, member 12 [Source:HGNC Symbol;Acc:21919]",Znf_CCCHx3,FLJ22693; PARP-12; ZC3H1,\N,\N,
1249,ENSG00000060138,3/18/2010,4/24/2010,CSDA,cold shock domain protein A pseudogene 1 [Source:HGNC Symbol;Acc:2429],CSDx1,dbpA; ZONAB; CSDA1,\N,\N,
1250,ENSG00000061936,3/18/2010,4/30/2010,SFRS8,"splicing factor, arginine/serine-rich 8 (suppressor-of-white-apricot homolog, Drosophila) [Source:HGNC Symbol;Acc:10790]",SURPx2,SWAP,\N,\N,
1251,ENSG00000063046,3/18/2010,5/1/2010,EIF4B,eukaryotic translation initiation factor 4B [Source:HGNC Symbol;Acc:3285],RRMx1,,\N,\N,
1252,ENSG00000063244,3/18/2010,5/10/2010,U2AF2,U2 small nuclear RNA auxiliary factor 2 [Source:HGNC Symbol;Acc:23156],RRMx3,U2AF65,\N,\N,
1253,ENSG00000064607,3/18/2010,5/1/2010,SFRS14,"splicing factor, arginine/serine-rich 14 [Source:HGNC Symbol;Acc:18641]",SURPx2,KIAA0365,\N,\N,
1255,ENSG00000065526,3/18/2010,5/1/2010,SPEN,"spen homolog, transcriptional regulator (Drosophila) [Source:HGNC Symbol;Acc:17575]",RRMx4,KIAA0929; MINT; SHARP; RBM15C,DNA binding (PMID: 10451362),\N,
1256,ENSG00000065548,3/18/2010,4/28/2010,ZC3H15,zinc finger CCCH-type containing 15 [Source:HGNC Symbol;Acc:29528],Znf_CCCHx2,LEREPO4,\N,\N,
1257,ENSG00000065978,3/18/2010,4/24/2010,YBX1,Y box binding protein 1 [Source:HGNC Symbol;Acc:8014],CSDx1,YB-1; YB1; DBPB; NSEP-1; MDR-NF1; BP-8; CSDB; CSDA2,also binds ssDNA sequence-specifically,\N,
1258,ENSG00000066044,3/18/2010,6/28/2010,ELAVL1,"ELAV (embryonic lethal, abnormal vision, Drosophila)-like 1 (Hu antigen R) [Source:HGNC Symbol;Acc:3312]",RRMx3,HuR; Hua; MelG,\N,\N,
1259,ENSG00000066654,3/18/2010,5/1/2010,THUMPD1,THUMP domain containing 1 [Source:HGNC Symbol;Acc:23807],THUMPx1,FLJ20274,\N,\N,
1260,ENSG00000067596,3/18/2010,5/1/2010,DHX8,DEAH (Asp-Glu-Ala-His) box polypeptide 8 [Source:HGNC Symbol;Acc:2749],S1x1,HRH1; PRP22; PRPF22,"RNA helicase, no evidence of sequence-specific binding",\N,
1261,ENSG00000068784,3/18/2010,5/1/2010,SRBD1,S1 RNA binding domain 1 [Source:HGNC Symbol;Acc:25521],S1x1,FLJ10379,\N,\N,
1262,ENSG00000070756,3/18/2010,4/6/2010,PABPC1,"poly(A) binding protein, cytoplasmic 1 [Source:HGNC Symbol;Acc:8554]",RRMx4,PABP1; PABPL1,\N,\N,
1264,ENSG00000071626,3/18/2010,3/22/2010,DAZAP1,DAZ associated protein 1 [Source:HGNC Symbol;Acc:2683],RRMx2,MGC19907,\N,\N,
1266,ENSG00000073792,3/18/2010,5/3/2010,IGF2BP2,insulin-like growth factor 2 mRNA binding protein 2 [Source:HGNC Symbol;Acc:28867],RRMx2; KHx4,IMP-2,\N,\N,
1267,ENSG00000075292,3/18/2010,4/28/2010,ZNF638,zinc finger protein 638 [Source:HGNC Symbol;Acc:17894],Znf_C2H2x2; RRMx2,NP220; MGC26130; Zfp638,dsDNA binding (PMID:8647861),\N,
1268,ENSG00000075856,3/18/2010,5/21/2010,SART3,squamous cell carcinoma antigen recognized by T cells 3 [Source:HGNC Symbol;Acc:16860],RRMx2; Lsmx1,KIAA0156; RP11-13G14,\N,\N,
1269,ENSG00000075975,3/18/2010,7/14/2010,MKRN2,makorin ring finger protein 2 [Source:HGNC Symbol;Acc:7113],Znf_CCCHx4; Znf_RINGx1,RNF62; HSPC070,\N,\N,
1270,ENSG00000076053,3/18/2010,4/7/2010,RBM7,RNA binding motif protein 7 [Source:HGNC Symbol;Acc:9904],RRMx1,,\N,\N,
1271,ENSG00000076067,3/18/2010,4/28/2010,RBMS2,"RNA binding motif, single stranded interacting protein 2 [Source:HGNC Symbol;Acc:9909]",RRMx2,SCR3,possibly ssDNA binding (PMID: 7838710),\N,
1272,ENSG00000076770,3/18/2010,6/17/2010,MBNL3,muscleblind-like 3 (Drosophila) [Source:HGNC Symbol;Acc:20564],Znf_CCCHx4,CHCR; FLJ11316; MBLX39; MBXL,\N,\N,
1274,ENSG00000077312,3/18/2010,6/17/2010,SNRPA,small nuclear ribonucleoprotein polypeptide A [Source:HGNC Symbol;Acc:11151],RRMx2,U1A; U1-A; Mud1,\N,\N,
1275,ENSG00000078269,3/18/2010,7/21/2010,SYNJ2,synaptojanin 2 [Source:HGNC Symbol;Acc:11504],RRMx1,INPP5H,\N,\N,
1276,ENSG00000078328,3/18/2010,4/7/2010,A2BP1,Fox-1 homolog A (Ataxin-2-binding protein 1)(Hexaribonucleotide-binding protein 1) [Source:UniProtKB/Swiss-Prot;Acc:Q9NWB1],RRMx1,,\N,\N,
1277,ENSG00000078687,3/18/2010,5/11/2010,,Trinucleotide repeat-containing gene 6C protein  [Source:UniProtKB/Swiss-Prot;Acc:Q9HCJ0],RRMx1,,\N,\N,
1279,ENSG00000080007,3/18/2010,7/21/2010,DDX43,DEAD (Asp-Glu-Ala-Asp) box polypeptide 43 [Source:HGNC Symbol;Acc:18677],KHx1,HAGE; DKFZp434H2114; CT13,\N,\N,
1281,ENSG00000080608,3/18/2010,5/3/2010,KIAA0020,KIAA0020 [Source:HGNC Symbol;Acc:29676],PUMx1,XTP5; PEN; PUF6,\N,\N,
1282,ENSG00000080802,3/18/2010,7/21/2010,CNOT4,"CCR4-NOT transcription complex, subunit 4 [Source:HGNC Symbol;Acc:7880]",RRMx1; Znf_RINGx1,CLONE243; NOT4H,\N,\N,
1283,ENSG00000083896,3/18/2010,7/20/2010,YTHDC1,YTH domain containing 1 [Source:HGNC Symbol;Acc:30626],YTHx1,YT521; KIAA1966; YT521-B,\N,\N,
1284,ENSG00000084072,3/18/2010,7/20/2010,PPIE,peptidylprolyl isomerase E (cyclophilin E) [Source:HGNC Symbol;Acc:9258],RRMx1,CyP-33; MGC3736; MGC111222,\N,\N,
1286,ENSG00000085872,3/18/2010,5/15/2010,CHERP,calcium homeostasis endoplasmic reticulum protein [Source:HGNC Symbol;Acc:16930],SURPx1,ERPROT213-21; DAN16,\N,\N,
1287,ENSG00000086589,3/18/2010,4/28/2010,RBM22,RNA binding motif protein 22 [Source:HGNC Symbol;Acc:25503],RRMx1; Znf_CCHCx1; Znf_CCCHx1,FLJ10290; ZC3H16; fSAP47; Cwc2,\N,\N,
1288,ENSG00000088247,3/18/2010,7/8/2010,KHSRP,KH-type splicing regulatory protein [Source:HGNC Symbol;Acc:6316],KHx4,KSRP; FBP2; FUBP2,\N,\N,
1289,ENSG00000089280,3/18/2010,6/1/2010,FUS,fused in sarcoma [Source:HGNC Symbol;Acc:4010],RRMx1; Znf_RanBP2x1,TLS; FUS1; hnRNP-P2,\N,\N,
1290,ENSG00000089682,3/18/2010,4/28/2010,RBM41,RNA binding motif protein 41 [Source:HGNC Symbol;Acc:25617],RRMx1,FLJ11016,\N,\N,
1291,ENSG00000090097,3/18/2010,5/13/2010,PCBP4,poly(rC) binding protein 4 [Source:HGNC Symbol;Acc:8652],KHx3,MCG10; LIP4,\N,\N,
1292,ENSG00000090621,3/18/2010,4/6/2010,PABPC4,"poly(A) binding protein, cytoplasmic 4 (inducible form) [Source:HGNC Symbol;Acc:8557]",RRMx4,iPABP; APP-1,\N,\N,
1293,ENSG00000090905,3/18/2010,5/11/2010,TNRC6A,trinucleotide repeat containing 6A [Source:HGNC Symbol;Acc:11969],RRMx1,CAGH26; KIAA1460; GW182,\N,\N,
1294,ENSG00000091009,3/18/2010,5/15/2010,RBM27,RNA binding motif protein 27 [Source:HGNC Symbol;Acc:29243],RRMx1; Znf_CCCHx1,KIAA1311; ARRS1; Psc1,\N,\N,
1296,ENSG00000092199,3/18/2010,5/7/2010,HNRNPC,heterogeneous nuclear ribonucleoprotein C (C1/C2) [Source:HGNC Symbol;Acc:5035],RRMx1,hnRNPC,\N,\N,
1297,ENSG00000092345,3/18/2010,3/22/2010,DAZL,deleted in azoospermia-like [Source:HGNC Symbol;Acc:2685],RRMx1,DAZH; SPGYLA; MGC26406; DAZL1,\N,\N,
1298,ENSG00000096746,3/18/2010,4/25/2010,HNRNPH3,heterogeneous nuclear ribonucleoprotein H3 (2H9) [Source:HGNC Symbol;Acc:5043],RRMx2,2H9,\N,\N,
1299,ENSG00000099381,3/18/2010,7/21/2010,SETD1A,SET domain containing 1A [Source:HGNC Symbol;Acc:29010],RRMx1,KIAA0339; Set1; KMT2F,\N,\N,
1300,ENSG00000099622,3/18/2010,4/5/2010,CIRBP,cold inducible RNA binding protein [Source:HGNC Symbol;Acc:1982],RRMx1,CIRP,\N,\N,
1301,ENSG00000099783,3/18/2010,4/6/2010,HNRNPM,heterogeneous nuclear ribonucleoprotein M [Source:HGNC Symbol;Acc:5046],RRMx3,HTGR1; HNRNPM4; HNRPM4,\N,\N,
1303,ENSG00000099899,3/18/2010,7/21/2010,TRMT2A,TRM2 tRNA methyltransferase 2 homolog A (S. cerevisiae) [Source:HGNC Symbol;Acc:24974],RRMx1,HTF9C,\N,\N,
1304,ENSG00000099995,3/18/2010,7/21/2010,SF3A1,"splicing factor 3a, subunit 1, 120kDa [Source:HGNC Symbol;Acc:10765]",SURPx2,SF3a120; SAP114; PRPF21; Prp21,\N,\N,
1305,ENSG00000100028,3/18/2010,7/20/2010,SNRPD3,small nuclear ribonucleoprotein D3 polypeptide 18kDa [Source:HGNC Symbol;Acc:11160],Lsmx1,SMD3; Sm-D3,\N,\N,
1306,ENSG00000100227,3/18/2010,7/14/2010,POLDIP3,"polymerase (DNA-directed), delta interacting protein 3 [Source:HGNC Symbol;Acc:23782]",RRMx1,PDIP46; KIAA1649,\N,\N,
1307,ENSG00000100319,3/18/2010,4/28/2010,ZMAT5,"zinc finger, matrin type 5 [Source:HGNC Symbol;Acc:28046]",Znf_CCCHx1; Znf_U1-C,,\N,\N,
1308,ENSG00000100320,3/18/2010,4/7/2010,RBM9,RNA binding motif protein 9 [Source:HGNC Symbol;Acc:9906],RRMx1,HNRBP2; FOX-2,\N,\N,
1309,ENSG00000100403,3/18/2010,4/28/2010,ZC3H7B,zinc finger CCCH-type containing 7B [Source:HGNC Symbol;Acc:30869],Znf_CCCHx5,RoXaN; FLJ13787; DKFZp434K0920; KIAA1031,\N,\N,
1310,ENSG00000100461,3/18/2010,7/21/2010,RBM23,RNA binding motif protein 23 [Source:HGNC Symbol;Acc:20155],RRMx2,FLJ10482,\N,\N,
1312,ENSG00000100650,3/18/2010,7/22/2010,SFRS5,"splicing factor, arginine/serine-rich 5 [Source:HGNC Symbol;Acc:10787]",RRMx2,SRP40; HRS,\N,\N,
1313,ENSG00000100722,3/18/2010,4/28/2010,ZC3H14,zinc finger CCCH-type containing 14 [Source:HGNC Symbol;Acc:20509],Znf_CCCHx2,FLJ11806; UKp68; NY-REN-37,\N,\N,
1314,ENSG00000100813,3/18/2010,3/22/2010,ACIN1,apoptotic chromatin condensation inducer 1 [Source:HGNC Symbol;Acc:17066],RRMx1,KIAA0670; fSAP152,\N,\N,
1315,ENSG00000100836,3/18/2010,5/31/2010,PABPN1,"poly(A) binding protein, nuclear 1 [Source:HGNC Symbol;Acc:8565]",RRMx1,PAB2,\N,\N,
1316,ENSG00000101104,3/18/2010,4/6/2010,PABPC1L,"poly(A) binding protein, cytoplasmic 1-like [Source:HGNC Symbol;Acc:15797]",RRMx4,dJ1069P2.3; PABPC1L1; ePAB,\N,\N,
1318,ENSG00000101489,3/18/2010,3/30/2010,BRUNOL4,"bruno-like 4, RNA binding protein (Drosophila) [Source:HGNC Symbol;Acc:14015]",RRMx3,,\N,\N,
1319,ENSG00000101811,3/18/2010,5/3/2010,CSTF2,"cleavage stimulation factor, 3' pre-RNA, subunit 2, 64kDa [Source:HGNC Symbol;Acc:2484]",RRMx1,,\N,\N,
1320,ENSG00000102053,3/18/2010,4/28/2010,ZC3H12B,zinc finger CCCH-type containing 12B [Source:HGNC Symbol;Acc:17407],Znf_CCCHx1,MCPIP2,\N,\N,
1321,ENSG00000102081,3/18/2010,5/5/2010,FMR1,fragile X mental retardation 1 [Source:HGNC Symbol;Acc:3775],KHx2,FMRP; FRAXA; MGC87458,\N,\N,
1323,ENSG00000102241,3/18/2010,7/21/2010,HTATSF1,HIV-1 Tat specific factor 1 [Source:HGNC Symbol;Acc:5276],RRMx2,TAT-SF1,\N,\N,
1324,ENSG00000102317,3/18/2010,4/5/2010,RBM3,"RNA binding motif (RNP1, RRM) protein 3 [Source:HGNC Symbol;Acc:9900]",RRMx1,IS1-RNPL,\N,\N,
1326,ENSG00000103067,3/18/2010,7/1/2010,ESRP2,epithelial splicing regulatory protein 2 [Source:HGNC Symbol;Acc:26152],RRMx3,FLJ21918,\N,\N,
1327,ENSG00000103248,3/18/2010,4/6/2010,MTHFSD,methenyltetrahydrofolate synthetase domain containing [Source:HGNC Symbol;Acc:25778],RRMx1,FLJ12998,\N,\N,
1329,ENSG00000104129,3/18/2010,7/22/2010,DNAJC17,"DnaJ (Hsp40) homolog, subfamily C, member 17 [Source:HGNC Symbol;Acc:25556]",RRMx1,FLJ10634,\N,\N,
1330,ENSG00000104177,3/18/2010,4/6/2010,MYEF2,myelin expression factor 2 [Source:HGNC Symbol;Acc:17940],RRMx3,MEF-2; FLJ11213; KIAA1341; HsT18564,ssDNA binding (PMID: 9282330;7539003),\N,
1331,ENSG00000104413,3/18/2010,7/1/2010,ESRP1,epithelial splicing regulatory protein 1 [Source:HGNC Symbol;Acc:25966],RRMx3,FLJ20171,\N,\N,
1332,ENSG00000104824,3/18/2010,3/31/2010,HNRNPL,heterogeneous nuclear ribonucleoprotein L [Source:HGNC Symbol;Acc:5045],RRMx2,,\N,\N,
1333,ENSG00000104852,3/18/2010,7/20/2010,SNRNP70,small nuclear ribonucleoprotein 70kDa (U1) [Source:HGNC Symbol;Acc:11150],RRMx1,U1-70K; Snp1,\N,\N,
1334,ENSG00000104859,3/18/2010,5/5/2010,SFRS16,"splicing factor, arginine/serine-rich 16 [Source:HGNC Symbol;Acc:17731]",,SWAP2; CLASP,\N,\N,
1335,ENSG00000104907,3/18/2010,7/22/2010,TRMT1,TRM1 tRNA methyltransferase 1 homolog (S. cerevisiae) [Source:HGNC Symbol;Acc:25980],Znf_CCCHx1,FLJ20244,\N,\N,
1336,ENSG00000104967,3/18/2010,6/19/2010,NOVA2,neuro-oncological ventral antigen 2 [Source:HGNC Symbol;Acc:7887],KHx3,ANOVA,\N,\N,
1337,ENSG00000105705,3/18/2010,5/3/2010,SF4,splicing factor 4 [Source:HGNC Symbol;Acc:18643],SURPx2,F23858; DKFZp434E2216; RBP,\N,\N,
1338,ENSG00000105939,3/18/2010,4/28/2010,ZC3HAV1,"zinc finger CCCH-type, antiviral 1 [Source:HGNC Symbol;Acc:23721]",Znf_CCCHx2,ZAP; FLB6421; FLJ13288; MGC48898; ZC3HDC2; ZC3H2; PARP13,\N,\N,
1340,ENSG00000106263,3/18/2010,7/20/2010,EIF3B,"eukaryotic translation initiation factor 3, subunit B [Source:HGNC Symbol;Acc:3280]",RRMx1,PRT1; eIF3b,\N,\N,
1341,ENSG00000106344,3/18/2010,7/21/2010,RBM28,RNA binding motif protein 28 [Source:HGNC Symbol;Acc:21863],RRMx4,FLJ10377,\N,\N,
1342,ENSG00000106355,3/18/2010,7/21/2010,LSM5,"LSM5 homolog, U6 small nuclear RNA associated (S. cerevisiae) [Source:HGNC Symbol;Acc:17162]",Lsmx1,YER146W,\N,\N,
1343,ENSG00000106682,3/18/2010,7/6/2010,EIF4H,eukaryotic translation initiation factor 4H [Source:HGNC Symbol;Acc:12741],RRMx1,WSCR1; KIAA0038,\N,\N,
1344,ENSG00000107105,3/18/2010,6/28/2010,ELAVL2,"ELAV (embryonic lethal, abnormal vision, Drosophila)-like 2 (Hu antigen B) [Source:HGNC Symbol;Acc:3313]",RRMx3,HuB; HEL-N1,\N,\N,
1345,ENSG00000107164,3/18/2010,7/8/2010,FUBP3,far upstream element (FUSE) binding protein 3 [Source:HGNC Symbol;Acc:4005],KHx4,,\N,\N,
1348,ENSG00000107864,3/18/2010,7/6/2010,CPEB3,cytoplasmic polyadenylation element binding protein 3 [Source:HGNC Symbol;Acc:21746],RRMx2,KIAA0940,\N,\N,
1349,ENSG00000107929,3/18/2010,7/22/2010,LARP4B,"La ribonucleoprotein domain family, member 4B [Source:HGNC Symbol;Acc:28987]",Lax1; RRMx1,,\N,\N,
1350,ENSG00000109111,3/18/2010,7/21/2010,SUPT6H,suppressor of Ty 6 homolog (S. cerevisiae) [Source:HGNC Symbol;Acc:11470],S1x1,KIAA0162; SPT6H,\N,\N,
1352,ENSG00000109819,3/18/2010,4/5/2010,PPARGC1A,"peroxisome proliferator-activated receptor gamma, coactivator 1 alpha [Source:HGNC Symbol;Acc:9237]",RRMx1,PGC1; PGC1A,\N,\N,
1355,ENSG00000111605,3/18/2010,5/5/2010,CPSF6,microRNA 1279 [Source:HGNC Symbol;Acc:35357],RRMx1,CFIM; HPBRII-4; HPBRII-7; CFIM68,\N,\N,
1356,ENSG00000111615,3/18/2010,5/10/2010,KRR1,"KRR1, small subunit (SSU) processome component, homolog (yeast) [Source:HGNC Symbol;Acc:5176]",KHx1,RIP-1,\N,\N,
1358,ENSG00000111786,3/18/2010,6/29/2010,SFRS9,"splicing factor, arginine/serine-rich 9 [Source:HGNC Symbol;Acc:10791]",RRMx2,SRp30c,\N,\N,
1360,ENSG00000112081,3/18/2010,7/22/2010,SFRS3,"splicing factor, arginine/serine-rich 3 [Source:HGNC Symbol;Acc:10785]",RRMx1,SRp20,\N,\N,
1361,ENSG00000112183,3/18/2010,7/22/2010,RBM24,RNA binding motif protein 24 [Source:HGNC Symbol;Acc:21539],RRMx1,FLJ30829; dJ259A10.1,\N,\N,
1362,ENSG00000112232,3/18/2010,4/25/2010,KHDRBS2,"KH domain containing, RNA binding, signal transduction associated 2 [Source:HGNC Symbol;Acc:18114]",KHx1,SLM1; SLM-1; MGC26664,\N,\N,
1363,ENSG00000112531,3/18/2010,4/25/2010,QKI,"quaking homolog, KH domain RNA binding (mouse) [Source:HGNC Symbol;Acc:21100]",KHx1,QK3,\N,\N,
1364,ENSG00000113742,3/18/2010,7/6/2010,CPEB4,cytoplasmic polyadenylation element binding protein 4 [Source:HGNC Symbol;Acc:21747],RRMx2,KIAA1673,\N,\N,
1365,ENSG00000114416,3/18/2010,5/5/2010,FXR1,"fragile X mental retardation, autosomal homolog 1 [Source:HGNC Symbol;Acc:4023]",KHx2,,\N,\N,
1367,ENSG00000115053,3/18/2010,7/23/2010,NCL,nucleolin [Source:HGNC Symbol;Acc:7667],RRMx4,C23,\N,\N,
1368,ENSG00000115128,3/18/2010,4/7/2010,,Pre-mRNA branch site protein p14 (SF3B 14 kDa subunit) [Source:UniProtKB/Swiss-Prot;Acc:Q9Y3B4],RRMx1,,\N,\N,
1369,ENSG00000115677,3/18/2010,7/18/2010,HDLBP,high density lipoprotein binding protein [Source:HGNC Symbol;Acc:4857],KHx14,HBP,\N,\N,
1370,ENSG00000115875,3/18/2010,7/19/2010,SFRS7,"splicing factor, arginine/serine-rich 7, 35kDa [Source:HGNC Symbol;Acc:10789]",RRMx1; Znf_CCHCx1,9G8; ZCRB2; HSSG1; AAG3; RBM37; ZCCHC20,\N,\N,
1371,ENSG00000115946,3/18/2010,5/3/2010,PNO1,partner of NOB1 homolog (S. cerevisiae) [Source:HGNC Symbol;Acc:32790],KHx1,,\N,\N,
1372,ENSG00000116001,3/18/2010,5/10/2010,TIA1,TIA1 cytotoxic granule-associated RNA binding protein [Source:HGNC Symbol;Acc:11802],RRMx3,,\N,\N,
1374,ENSG00000116350,3/18/2010,6/29/2010,SFRS4,"splicing factor, arginine/serine-rich 4 [Source:HGNC Symbol;Acc:10786]",RRMx2,SRP75,\N,\N,
1375,ENSG00000116560,3/18/2010,5/7/2010,SFPQ,splicing factor proline/glutamine-rich (polypyrimidine tract binding protein associated) [Source:HGNC Symbol;Acc:10774],RRMx2,PSF,"Binds ssDNA, dsDNA (PMID: 8355702)",\N,
1376,ENSG00000116754,3/18/2010,7/20/2010,SFRS11,"splicing factor, arginine/serine-rich 11 [Source:HGNC Symbol;Acc:10782]",RRMx1,p54; NET2,\N,\N,
1377,ENSG00000117360,3/18/2010,4/25/2010,PRPF3,PRP3 pre-mRNA processing factor 3 homolog (S. cerevisiae) [Source:HGNC Symbol;Acc:17348],PWIx1,Prp3; HPRP3,\N,\N,
1378,ENSG00000117569,3/18/2010,4/7/2010,PTBP2,polypyrimidine tract binding protein 2 [Source:HGNC Symbol;Acc:17662],RRMx4,brPTB; nPTB; PTB; PTBLP,\N,\N,
1379,ENSG00000119314,3/18/2010,4/7/2010,ROD1,ROD1 regulator of differentiation 1 (S. pombe) [Source:HGNC Symbol;Acc:10253],RRMx4,PTBP3,\N,\N,
1380,ENSG00000119446,3/18/2010,7/14/2010,RBM18,RNA binding motif protein 18 [Source:HGNC Symbol;Acc:28413],RRMx1,MGC2734,\N,\N,
1381,ENSG00000119705,3/18/2010,4/5/2010,C14orf156,"SRA stem-loop-interacting RNA-binding protein, mitochondrial Precursor  [Source:UniProtKB/Swiss-Prot;Acc:Q9GZT3]",RRMx1,DC50,\N,\N,
1382,ENSG00000119707,3/18/2010,7/14/2010,RBM25,RNA binding motif protein 25 [Source:HGNC Symbol;Acc:23244],RRMx1; PWIx1,S164; fSAP94; NET52; Snu71,\N,\N,
1384,ENSG00000120658,3/18/2010,3/31/2010,ENOX1,ecto-NOX disulfide-thiol exchanger 1 [Source:HGNC Symbol;Acc:25474],RRMx1,FLJ10094; PIG38; CNOX; cCNOX,\N,\N,
1385,ENSG00000120948,3/18/2010,7/18/2010,TARDBP,TAR DNA binding protein [Source:HGNC Symbol;Acc:11571],RRMx2,TDP-43; ALS10,\N,11470789; 15826655; 16157593; 19429692; 19815002; 20423455,
1386,ENSG00000121057,3/18/2010,7/21/2010,AKAP1,A kinase (PRKA) anchor protein 1 [Source:HGNC Symbol;Acc:367],KHx1,AKAP121; AKAP149; SAKAP84; S-AKAP84; AKAP84,\N,\N,
1387,ENSG00000121390,3/18/2010,5/7/2010,PSPC1,paraspeckle component 1 [Source:HGNC Symbol;Acc:20320],RRMx2,PSP1; FLJ10955,"Binds ssDNA, dsDNA (PMID: 8355702)",\N,
1388,ENSG00000121766,3/18/2010,4/28/2010,ZCCHC17,"zinc finger, CCHC domain containing 17 [Source:HGNC Symbol;Acc:30246]",S1x1; Znf_CCHCx1,PS1D; HSPC251; pNO40,\N,\N,
1389,ENSG00000121774,3/18/2010,4/25/2010,KHDRBS1,"KH domain containing, RNA binding, signal transduction associated 1 [Source:HGNC Symbol;Acc:18116]",KHx1,Sam68; p62; FLJ34027,\N,\N,
1391,ENSG00000122299,3/18/2010,4/28/2010,ZC3H7A,zinc finger CCCH-type containing 7A [Source:HGNC Symbol;Acc:30959],Znf_CCCHx5,HSPC055; FLJ20318,\N,\N,
1392,ENSG00000122566,3/18/2010,5/20/2010,HNRNPA2B1,heterogeneous nuclear ribonucleoprotein A2/B1 [Source:HGNC Symbol;Acc:5033],RRMx2,,\N,\N,
1393,ENSG00000122870,3/18/2010,6/30/2010,BICC1,bicaudal C homolog 1 (Drosophila) [Source:HGNC Symbol;Acc:19351],KHx3; SAMx1,,\N,\N,
1394,ENSG00000122965,3/18/2010,3/31/2010,RBM19,RNA binding motif protein 19 [Source:HGNC Symbol;Acc:29098],RRMx6,DKFZp586F1023; KIAA0682,\N,\N,
1395,ENSG00000123200,3/18/2010,4/28/2010,ZC3H13,zinc finger CCCH-type containing 13 [Source:HGNC Symbol;Acc:20368],Znf_CCCHx1,DKFZp434D1812,\N,\N,
1396,ENSG00000124193,3/18/2010,6/29/2010,SFRS6,"splicing factor, arginine/serine-rich 6 [Source:HGNC Symbol;Acc:10788]",RRMx2,SRP55; B52,\N,\N,
1397,ENSG00000125352,3/18/2010,7/21/2010,RNF113A,ring finger protein 113A [Source:HGNC Symbol;Acc:12974],Znf_CCCHx1; Znf_RINGx1,RNF113; Cwc24,\N,\N,
1398,ENSG00000125743,3/18/2010,7/21/2010,SNRPD2,small nuclear ribonucleoprotein D2 polypeptide 16.5kDa [Source:HGNC Symbol;Acc:11159],LSmx1,Sm-D2,\N,\N,
1399,ENSG00000125835,3/18/2010,7/20/2010,SNRPB,small nuclear ribonucleoprotein polypeptides B and B1 [Source:HGNC Symbol;Acc:11153],LSmx1,COD; SmB/SmB'; Sm-B/B'; snRNP-B,\N,\N,
1400,ENSG00000125870,3/18/2010,6/17/2010,SNRPB2,small nuclear ribonucleoprotein polypeptide B'' [Source:HGNC Symbol;Acc:11155],RRMx2,Msl1,\N,\N,
1401,ENSG00000125944,3/18/2010,5/3/2010,HNRNPR,heterogeneous nuclear ribonucleoprotein R [Source:HGNC Symbol;Acc:5047],RRMx3,hnRNP-R,\N,\N,
1402,ENSG00000125970,3/18/2010,5/7/2010,RALY,"RNA binding protein, autoantigenic (hnRNP-associated with lethal yellow homolog (mouse)) [Source:HGNC Symbol;Acc:15921]",RRMx1,P542; HNRPCL2,\N,\N,
1403,ENSG00000126254,3/18/2010,7/21/2010,RBM42,RNA binding motif protein 42 [Source:HGNC Symbol;Acc:28117],RRMx1,MGC10433,\N,\N,
1404,ENSG00000126945,3/18/2010,4/25/2010,HNRNPH2,heterogeneous nuclear ribonucleoprotein H2 (H') [Source:HGNC Symbol;Acc:5042],RRMx3; Znf_CCCHx1,hnRNPH'; FTP3; HNRPH',\N,\N,
1405,ENSG00000128016,3/18/2010,4/27/2010,ZFP36,"zinc finger protein 36, C3H type, homolog (mouse) [Source:HGNC Symbol;Acc:12862]",Znf_CCCHx2,RNF162A; TIS11; G0S24; TTP; NUP475,\N,\N,
1406,ENSG00000128534,3/18/2010,7/21/2010,NAA38,"N(alpha)-acetyltransferase 38, NatC auxiliary subunit [Source:HGNC Symbol;Acc:20471]",LSmx1,YJR022W,\N,\N,
1407,ENSG00000128739,3/18/2010,7/20/2010,SNRPN,small nuclear ribonucleoprotein polypeptide N [Source:HGNC Symbol;Acc:11164],LSmx1,SMN; SM-D; HCERN3; SNRNP-N; SNURF-SNRPN; RT-LI,\N,\N,
1408,ENSG00000129245,3/18/2010,5/5/2010,FXR2,"fragile X mental retardation, autosomal homolog 2 [Source:HGNC Symbol;Acc:4024]",KHx2,,\N,\N,
1409,ENSG00000130254,3/18/2010,7/21/2010,SAFB2,scaffold attachment factor B2 [Source:HGNC Symbol;Acc:21605],RRMx1,KIAA0138,\N,\N,
1410,ENSG00000130332,3/18/2010,7/14/2010,LSM7,"LSM7 homolog, U6 small nuclear RNA associated (S. cerevisiae) [Source:HGNC Symbol;Acc:20470]",LSmx1,YNL147W,\N,\N,
1411,ENSG00000130520,3/18/2010,7/20/2010,LSM4,"LSM4 homolog, U6 small nuclear RNA associated (S. cerevisiae) [Source:HGNC Symbol;Acc:17259]",LSmx1,YER112W,\N,\N,
1413,ENSG00000130749,3/18/2010,4/28/2010,ZC3H4,zinc finger CCCH-type containing 4 [Source:HGNC Symbol;Acc:17808],Znf_CCCHx2,KIAA1064,\N,\N,
1414,ENSG00000130811,3/18/2010,5/7/2010,EIF3G,"eukaryotic translation initiation factor 3, subunit G [Source:HGNC Symbol;Acc:3274]",RRMx1,eIF3-delta; eIF3-p44; eIF3g,\N,\N,
1416,ENSG00000130826,3/18/2010,5/7/2010,DKC1,"small nucleolar RNA, H/ACA box 56 [Source:HGNC Symbol;Acc:32650]",PUAx1,XAP101; dyskerin; NAP57; NOLA4,\N,\N,
1417,ENSG00000131013,3/18/2010,5/15/2010,PPIL4,peptidylprolyl isomerase (cyclophilin)-like 4 [Source:HGNC Symbol;Acc:15702],RRMx1,,\N,\N,
1418,ENSG00000131051,3/18/2010,7/14/2010,RBM39,RNA binding motif protein 39 [Source:HGNC Symbol;Acc:15923],RRMx3,CC1.3; HCC1; CAPER; fSAP59,\N,\N,
1421,ENSG00000131503,3/18/2010,5/7/2010,ANKHD1,ankyrin repeat and KH domain containing 1 [Source:HGNC Symbol;Acc:24714],KHx1,MASK; FLJ20288; FLJ11979; FLJ10042; FLJ14127; KIAA1085,\N,\N,
1423,ENSG00000131773,3/18/2010,4/25/2010,KHDRBS3,"KH domain containing, RNA binding, signal transduction associated 3 [Source:HGNC Symbol;Acc:18117]",KHx1,T-STAR; Etle; etoile; SALP; SLM2; SLM-2,\N,\N,
1424,ENSG00000131795,3/18/2010,7/20/2010,RBM8A,RNA binding motif protein 8A [Source:HGNC Symbol;Acc:9905],RRMx1,ZNRP; BOV-1A; BOV-1B; BOV-1C; RBM8B; Y14,\N,\N,
1425,ENSG00000131914,3/18/2010,5/4/2010,LIN28,lin-28 homolog (C. elegans) [Source:HGNC Symbol;Acc:15986],CSDx1; Znf_CCHCx2,,\N,\N,
1426,ENSG00000132463,3/18/2010,7/23/2010,GRSF1,G-rich RNA sequence binding factor 1 [Source:HGNC Symbol;Acc:4610],RRMx3,,\N,\N,
1427,ENSG00000132466,3/18/2010,5/7/2010,ANKRD17,ankyrin repeat domain 17 [Source:HGNC Symbol;Acc:23575],KHx1,GTAR; KIAA0697; FLJ22206; NY-BR-16,\N,\N,
1428,ENSG00000132478,3/18/2010,7/6/2010,UNK,unkempt homolog (Drosophila) [Source:HGNC Symbol;Acc:29369],Znf_CCCHx5,KIAA1753,\N,\N,
1429,ENSG00000132603,3/18/2010,7/21/2010,NIP7,nuclear import 7 homolog (S. cerevisiae) [Source:HGNC Symbol;Acc:24328],PUAx1,CGI-37; FLJ10296; HSPC031; KD93,\N,\N,
1430,ENSG00000132773,3/18/2010,7/23/2010,TOE1,"target of EGR1, member 1 (nuclear) [Source:HGNC Symbol;Acc:15954]",Znf_CCCHx1,,\N,\N,
1431,ENSG00000132819,3/18/2010,7/23/2010,RBM38,RNA binding motif protein 38 [Source:HGNC Symbol;Acc:15818],RRMx1,HSRNASEB; SEB4D; seb4B; dJ800J21.2,\N,\N,
1433,ENSG00000133226,3/18/2010,6/29/2010,SRRM1,serine/arginine repetitive matrix 1 [Source:HGNC Symbol;Acc:16638],PWIx1,SRM160; POP101; MGC39488,\N,\N,
1434,ENSG00000133606,3/18/2010,7/14/2010,MKRN1,makorin ring finger protein 1 [Source:HGNC Symbol;Acc:7112],Znf_CCCHx4; Znf_RINGx1,RNF61,\N,\N,
1435,ENSG00000134001,3/18/2010,7/20/2010,EIF2S1,"eukaryotic translation initiation factor 2, subunit 1 alpha, 35kDa [Source:HGNC Symbol;Acc:3265]",S1x1,EIF-2alpha; EIF2A,\N,\N,
1436,ENSG00000134077,3/18/2010,7/23/2010,THUMPD3,THUMP domain containing 3 [Source:HGNC Symbol;Acc:24493],THUMPx1,DKFZP434F091,\N,\N,
1437,ENSG00000134597,3/18/2010,7/18/2010,RBMX2,"RNA binding motif protein, X-linked 2 [Source:HGNC Symbol;Acc:24282]",RRMx1,CGI-79,\N,\N,
1438,ENSG00000134644,3/18/2010,4/29/2010,PUM1,pumilio homolog 1 (Drosophila) [Source:HGNC Symbol;Acc:14957],PUMx1,PUMH1; KIAA0099,\N,\N,
1440,ENSG00000135097,3/18/2010,4/6/2010,MSI1,musashi homolog 1 (Drosophila) [Source:HGNC Symbol;Acc:7330],RRMx2,,\N,\N,
1441,ENSG00000135316,3/18/2010,5/3/2010,SYNCRIP,"synaptotagmin binding, cytoplasmic RNA interacting protein [Source:HGNC Symbol;Acc:16918]",RRMx3,NSAP1; GRY-RBP; dJ3J17.2; HNRPQ1; hnRNP-Q,\N,\N,
1443,ENSG00000135482,3/18/2010,4/28/2010,ZC3H10,zinc finger CCCH-type containing 10 [Source:HGNC Symbol;Acc:25893],Znf_CCCHx3,FLJ14451,\N,\N,
1444,ENSG00000135486,3/18/2010,5/20/2010,HNRNPA1,heterogeneous nuclear ribonucleoprotein A1 [Source:HGNC Symbol;Acc:5031],RRMx2,hnRNPA1; hnRNP-A1,\N,\N,
1445,ENSG00000135870,3/18/2010,4/28/2010,RC3H1,ring finger and CCCH-type zinc finger domains 1 [Source:HGNC Symbol;Acc:29434],Znf_CCCHx1; Znf_RINGx1,KIAA2025; roquin; RP5-1198E17.5; RNF198,\N,\N,
1446,ENSG00000136231,3/18/2010,5/3/2010,IGF2BP3,insulin-like growth factor 2 mRNA binding protein 3 [Source:HGNC Symbol;Acc:28868],RRMx2; KHx4,IMP-3; CT98,\N,\N,
1447,ENSG00000136243,3/18/2010,5/5/2010,NUPL2,nucleoporin like 2 [Source:HGNC Symbol;Acc:17010],Znf_CCCHx1,NLP_1; CG1; hCG1; H_RG271G13.9,\N,\N,
1448,ENSG00000136450,3/18/2010,4/27/2010,SFRS1,"splicing factor, arginine/serine-rich 1 [Source:HGNC Symbol;Acc:10780]",RRMx2,ASF; SF2; SRp30a; SF2p33; MGC5228,\N,\N,
1449,ENSG00000136527,3/18/2010,5/14/2010,TRA2B,transformer 2 beta homolog (Drosophila) [Source:HGNC Symbol;Acc:10781],RRMx1,Htra2-beta,\N,\N,
1450,ENSG00000137449,3/18/2010,7/6/2010,CPEB2,cytoplasmic polyadenylation element binding protein 2 [Source:HGNC Symbol;Acc:21745],RRMx2,,\N,\N,
1451,ENSG00000137760,3/18/2010,3/22/2010,ALKBH8,"alkB, alkylation repair homolog 8 (E. coli) [Source:HGNC Symbol;Acc:25189]",RRMx1,MGC10235,\N,\N,
1452,ENSG00000137776,3/18/2010,7/21/2010,SLTM,"SAFB-like, transcription modulator [Source:HGNC Symbol;Acc:20709]",RRMx1,Met; FLJ13213,\N,\N,
1453,ENSG00000138035,3/18/2010,7/21/2010,PNPT1,polyribonucleotide nucleotidyltransferase 1 [Source:HGNC Symbol;Acc:23166],KHx1; S1x1,PNPase; OLD35; old-35,\N,\N,
1454,ENSG00000138050,3/18/2010,7/23/2010,THUMPD2,THUMP domain containing 2 [Source:HGNC Symbol;Acc:14890],THUMPx1,MGC2454,\N,\N,
1455,ENSG00000138303,3/18/2010,7/20/2010,ASCC1,activating signal cointegrator 1 complex subunit 1 [Source:HGNC Symbol;Acc:24268],KHx1,CGI-18; ASC1p50; Em:AC022392.3,\N,\N,
1456,ENSG00000138385,3/18/2010,7/1/2010,SSB,Sjogren syndrome antigen B (autoantigen La) [Source:HGNC Symbol;Acc:11316],RRMx2; Lax1,LARP3; La,\N,\N,
1457,ENSG00000138668,3/18/2010,5/5/2010,HNRNPD,"heterogeneous nuclear ribonucleoprotein D (AU-rich element RNA binding protein 1, 37kDa) [Source:HGNC Symbol;Acc:5036]",RRMx2,,\N,\N,
1458,ENSG00000138709,3/18/2010,7/1/2010,LARP1B,"La ribonucleoprotein domain family, member 1B [Source:HGNC Symbol;Acc:24704]",Lax1,FLJ10378; DKFZp434K245; DKFZp686E0316,\N,\N,
1459,ENSG00000138757,3/18/2010,7/23/2010,G3BP2,GTPase activating protein (SH3 domain) binding protein 2 [Source:HGNC Symbol;Acc:30291],RRMx1,KIAA0660,\N,\N,
1461,ENSG00000139168,3/18/2010,4/28/2010,ZCRB1,zinc finger CCHC-type and RNA binding motif 1 [Source:HGNC Symbol;Acc:29620],RRMx1; Znf_CCHCx1,MADP-1; MADP1; RBM36; ZCCHC19,\N,\N,
1463,ENSG00000139343,3/18/2010,7/6/2010,SNRPF,small nuclear ribonucleoprotein polypeptide F [Source:HGNC Symbol;Acc:11162],LSmx1,Sm-F,\N,\N,
1464,ENSG00000139675,3/18/2010,5/20/2010,,Heterogeneous nuclear ribonucleoprotein A1-like protein 2 (hnRNP core protein A1-like protein 2) [Source:UniProtKB/Swiss-Prot;Acc:Q32P51],RRMx2,,\N,\N,
1465,ENSG00000139718,3/18/2010,7/23/2010,SETD1B,SET domain containing 1B [Source:HGNC Symbol;Acc:29187],RRMx1,KIAA1076; Set1B; KMT2G,\N,\N,
1466,ENSG00000139746,3/18/2010,5/15/2010,RBM26,RNA binding motif protein 26 [Source:HGNC Symbol;Acc:20327],RRMx2; Znf_CCCHx1,PRO1777; SE70-2; FLJ20957; ZC3H17; ARRS2,\N,\N,
1467,ENSG00000139793,3/18/2010,6/17/2010,MBNL2,muscleblind-like 2 (Drosophila) [Source:HGNC Symbol;Acc:16746],Znf_CCCHx4,MBLL; MBLL39,\N,\N,
1468,ENSG00000139797,3/18/2010,7/21/2010,RNF113B,ring finger protein 113B [Source:HGNC Symbol;Acc:17267],Znf_CCCHx1; Znf_RINGx1,RNF161,\N,\N,
1469,ENSG00000139910,3/18/2010,6/19/2010,NOVA1,neuro-oncological ventral antigen 1 [Source:HGNC Symbol;Acc:7886],KHx1,,\N,\N,
1470,ENSG00000140488,3/18/2010,3/30/2010,BRUNOL6,"bruno-like 6, RNA binding protein (Drosophila) [Source:HGNC Symbol;Acc:14059]",RRMx3,,\N,\N,
1472,ENSG00000141994,3/18/2010,7/14/2010,DUS3L,dihydrouridine synthase 3-like (S. cerevisiae) [Source:HGNC Symbol;Acc:26920],Znf_CCCHx2,DUS3; FLJ13896,\N,\N,
1475,ENSG00000143368,3/18/2010,4/25/2010,SF3B4,"splicing factor 3b, subunit 4, 49kDa [Source:HGNC Symbol;Acc:10771]",RRMx2,SAP49; SF3b49; Hsh49,\N,\N,
1476,ENSG00000143486,3/18/2010,4/25/2010,LGTN,ligatin [Source:HGNC Symbol;Acc:6583],PUAx1,,\N,\N,
1478,ENSG00000143889,3/18/2010,3/31/2010,HNRPLL,heterogeneous nuclear ribonucleoprotein L-like [Source:HGNC Symbol;Acc:25127],RRMx3,,\N,\N,
1479,ENSG00000143977,3/18/2010,7/20/2010,SNRPG,small nuclear ribonucleoprotein polypeptide G [Source:HGNC Symbol;Acc:11163],LSmx1,Sm-G,\N,\N,
1480,ENSG00000144161,3/18/2010,4/28/2010,ZC3H8,zinc finger CCCH-type containing 8 [Source:HGNC Symbol;Acc:30941],Znf_CCCHx3,Fliz1,dsDNA binding (PMID: 12077251),\N,
1481,ENSG00000144642,3/18/2010,4/28/2010,RBMS3,"RNA binding motif, single stranded interacting protein [Source:HGNC Symbol;Acc:13427]",RRMx2,,possibly ssDNA binding (PMID: 7838710),\N,
1483,ENSG00000145907,3/18/2010,5/5/2010,G3BP1,GTPase activating protein (SH3 domain) binding protein 1 [Source:HGNC Symbol;Acc:30292],RRMx1,HDH-VIII; G3BP,\N,\N,
1486,ENSG00000147140,3/18/2010,5/7/2010,NONO,"non-POU domain containing, octamer-binding [Source:HGNC Symbol;Acc:7871]",RRMx2,NRB54; NMT55; P54NRB; P54,"Binds ssDNA, dsDNA (PMID: 8355702)",\N,
1487,ENSG00000147274,3/18/2010,7/18/2010,RBMX,"RNA binding motif protein, X-linked [Source:HGNC Symbol;Acc:9910]",RRMx1,RNMX; hnRNP-G,\N,\N,
1489,ENSG00000148584,3/18/2010,3/22/2010,A1CF,APOBEC1 complementation factor [Source:HGNC Symbol;Acc:24086],RRMx3,ACF; ASP; ACF64; ACF65; APOBEC1CF,\N,\N,
1490,ENSG00000148840,3/18/2010,4/5/2010,PPRC1,"peroxisome proliferator-activated receptor gamma, coactivator-related 1 [Source:HGNC Symbol;Acc:30025]",RRMx1,PRC; KIAA0595; MGC74642,\N,\N,
1491,ENSG00000148843,3/18/2010,7/21/2010,PDCD11,programmed cell death 11 [Source:HGNC Symbol;Acc:13408],S1x13,KIAA0185; ALG-4,\N,\N,
1493,ENSG00000149016,3/18/2010,5/3/2010,TUT1,"terminal uridylyl transferase 1, U6 snRNA-specific [Source:HGNC Symbol;Acc:26184]",RRMx1; Znf_CCCHx1,FLJ22347; FLJ22267; FLJ21850; PAPD2; TUTase,\N,\N,
1494,ENSG00000149187,3/18/2010,3/30/2010,CUGBP1,"CUG triplet repeat, RNA binding protein 1 [Source:HGNC Symbol;Acc:2549]",RRMx3,,\N,\N,
1495,ENSG00000149273,3/18/2010,\N,RPS3,ribosomal protein S3 [Source:HGNC Symbol;Acc:10420],\N,FLJ26283; FLJ27450; MGC87870,nonspecific binder,\N,
1496,ENSG00000149289,3/18/2010,4/28/2010,ZC3H12C,zinc finger CCCH-type containing 12C [Source:HGNC Symbol;Acc:29362],Znf_CCCHx1,KIAA1726; MCPIP3,\N,\N,
1497,ENSG00000149532,3/18/2010,7/23/2010,CPSF7,"cleavage and polyadenylation specific factor 7, 59kDa [Source:HGNC Symbol;Acc:30098]",RRMx1,FLJ12529,\N,\N,
1498,ENSG00000149658,3/18/2010,5/15/2010,YTHDF1,"YTH domain family, member 1 [Source:HGNC Symbol;Acc:15867]",YTHx1,FLJ20391,\N,\N,
1500,ENSG00000151846,3/18/2010,4/6/2010,PABPC3,"poly(A) binding protein, cytoplasmic 3 [Source:HGNC Symbol;Acc:8556]",RRMx4,PABP3; tPABP,\N,\N,
1501,ENSG00000151923,3/18/2010,5/10/2010,TIAL1,TIA1 cytotoxic granule-associated RNA binding protein-like 1 [Source:HGNC Symbol;Acc:11804],RRMx3,TIAR,\N,\N,
1502,ENSG00000151962,3/18/2010,7/23/2010,RBM46,RNA binding motif protein 46 [Source:HGNC Symbol;Acc:28401],RRMx3,MGC27016; CT68,\N,\N,
1503,ENSG00000152332,3/18/2010,7/20/2010,UHMK1,U2AF homology motif (UHM) kinase 1 [Source:HGNC Symbol;Acc:19683],RRMx1,KIS; Kist,\N,\N,
1504,ENSG00000152430,3/18/2010,3/30/2010,BOLL,"bol, boule-like (Drosophila) [Source:HGNC Symbol;Acc:14273]",RRMx1,BOULE,\N,\N,
1505,ENSG00000152518,3/18/2010,4/27/2010,ZFP36L2,"zinc finger protein 36, C3H type-like 2 [Source:HGNC Symbol;Acc:1108]",Znf_CCCHx2,ERF2; RNF162C; TIS11D,\N,\N,
1506,ENSG00000152520,3/18/2010,7/23/2010,PAN3,PAN3 poly(A) specific ribonuclease subunit homolog (S. cerevisiae) [Source:HGNC Symbol;Acc:29991],Znf_CCCHx1,,\N,\N,
1507,ENSG00000152601,3/18/2010,6/17/2010,MBNL1,muscleblind-like (Drosophila) [Source:HGNC Symbol;Acc:6923],Znf_CCCHx4,KIAA0428; EXP42; EXP40; EXP35; EXP,\N,\N,
1508,ENSG00000152795,3/18/2010,5/5/2010,HNRPDL,heterogeneous nuclear ribonucleoprotein D-like [Source:HGNC Symbol;Acc:5037],RRMx2,JKTBP; laAUF1,\N,\N,
1509,ENSG00000153048,3/18/2010,5/15/2010,CARHSP1,"calcium regulated heat stable protein 1, 24kDa [Source:HGNC Symbol;Acc:17150]",CSDx1,CRHSP-24; CSDC1,\N,\N,
1510,ENSG00000153250,3/18/2010,4/28/2010,RBMS1,"RNA binding motif, single stranded interacting protein 1 [Source:HGNC Symbol;Acc:9907]",RRMx2,SCR2; MSSP-1; MSSP-2; MSSP-3; YC1; HCC-4; DKFZp564H0764,possibly ssDNA binding (PMID: 7838710),\N,
1512,ENSG00000153914,3/18/2010,7/20/2010,SFRS12,"splicing factor, arginine/serine-rich 12 [Source:HGNC Symbol;Acc:17882]",RRMx2,DKFZp564B176; SRrp86; SRrp508,\N,\N,
1513,ENSG00000153944,3/18/2010,4/6/2010,MSI2,musashi homolog 2 (Drosophila) [Source:HGNC Symbol;Acc:18585],RRMx2,,\N,\N,
1514,ENSG00000154548,3/18/2010,4/5/2010,SFRS13B,"splicing factor, arginine/serine-rich 13B [Source:HGNC Symbol;Acc:21220]",RRMx1,SRrp35; SFRS19,\N,\N,
1517,ENSG00000155275,3/18/2010,7/23/2010,C4orf23,Probable tRNA (uracil-O(2)-)-methyltransferase (EC 2.1.1.n2) [Source:UniProtKB/Swiss-Prot;Acc:Q8IYL2],,FLJ35725,\N,\N,
1519,ENSG00000155438,3/18/2010,4/6/2010,MKI67IP,MKI67 (FHA domain) interacting nucleolar phosphoprotein [Source:HGNC Symbol;Acc:17838],RRMx1,Nopp34; NIFK,\N,\N,
1520,ENSG00000155506,3/18/2010,7/1/2010,LARP1,"La ribonucleoprotein domain family, member 1 [Source:HGNC Symbol;Acc:29531]",Lax1,LARP; KIAA0731; MGC19556,\N,\N,
1521,ENSG00000155636,3/18/2010,7/21/2010,RBM45,RNA binding motif protein 45 [Source:HGNC Symbol;Acc:24468],RRMx4,DRB1; FLJ44612,\N,\N,
1522,ENSG00000155846,3/18/2010,7/23/2010,PPARGC1B,"peroxisome proliferator-activated receptor gamma, coactivator 1 beta [Source:HGNC Symbol;Acc:30022]",RRMx1,PERC; PGC1B,\N,\N,
1523,ENSG00000155858,3/18/2010,7/21/2010,LSM11,"LSM11, U7 small nuclear RNA associated [Source:HGNC Symbol;Acc:30860]",LSmx1,FLJ38273,\N,\N,
1524,ENSG00000156304,3/18/2010,4/28/2010,SFRS15,"splicing factor, arginine/serine-rich 15 [Source:HGNC Symbol;Acc:19304]",RRMx1,KIAA1172; DKFZp434E098; SRA4; SCAF4,\N,\N,
1526,ENSG00000157110,3/18/2010,4/27/2010,RBPMS,RNA binding protein with multiple splicing [Source:HGNC Symbol;Acc:19097],RRMx1,HERMES,\N,\N,
1528,ENSG00000158545,3/18/2010,4/28/2010,ZC3H18,zinc finger CCCH-type containing 18 [Source:HGNC Symbol;Acc:25091],Znf_CCCHx1,NHN1,\N,\N,
1529,ENSG00000159082,3/18/2010,7/23/2010,SYNJ1,synaptojanin 1 [Source:HGNC Symbol;Acc:11503],RRMx1,INPP5G,\N,\N,
1530,ENSG00000159217,3/18/2010,5/3/2010,IGF2BP1,insulin-like growth factor 2 mRNA binding protein 1 [Source:HGNC Symbol;Acc:28866],RRMx2; KHx4,IMP-1; ZBP1,\N,\N,
1531,ENSG00000159409,3/18/2010,3/30/2010,TNRC4,trinucleotide repeat containing 4 [Source:HGNC Symbol;Acc:11967],RRMx3,,\N,\N,
1532,ENSG00000160201,3/18/2010,5/10/2010,U2AF1,U2 small nuclear RNA auxiliary factor 1 [Source:HGNC Symbol;Acc:12453],RRMx1; Znf_CCCHx1,U2AF35; RNU2AF1; RN,\N,\N,
1533,ENSG00000160633,3/18/2010,7/21/2010,SAFB,scaffold attachment factor B [Source:HGNC Symbol;Acc:10520],RRMx1,HET; SAFB1,\N,\N,
1534,ENSG00000160917,3/18/2010,7/6/2010,CPSF4,"cleavage and polyadenylation specific factor 4, 30kDa [Source:HGNC Symbol;Acc:2327]",Znf_CCCHx6; Znf_CCHCx1,NAR; CPSF30,\N,\N,
1535,ENSG00000161082,3/18/2010,3/30/2010,BRUNOL5,"bruno-like 5, RNA binding protein (Drosophila) [Source:HGNC Symbol;Acc:14058]",RRMx3,,\N,\N,
1536,ENSG00000161265,3/18/2010,5/3/2010,U2AF1L4,U2 small nuclear RNA auxiliary factor 1-like 4 [Source:HGNC Symbol;Acc:23020],RRMx1; Znf_CCCHx1,MGC33901; U2af26,\N,\N,
1537,ENSG00000161547,3/18/2010,5/20/2010,SFRS2,"splicing factor, arginine/serine-rich 2 [Source:HGNC Symbol;Acc:10783]",RRMx1,SC-35; SC35; PR264; SFRS2A,\N,\N,
1539,ENSG00000161813,3/18/2010,7/23/2010,LARP4,"La ribonucleoprotein domain family, member 4 [Source:HGNC Symbol;Acc:24320]",Lax1; RRMx1,PP13296,\N,\N,
1540,ENSG00000161847,3/18/2010,5/30/2010,RAVER1,"ribonucleoprotein, PTB-binding 1 [Source:HGNC Symbol;Acc:30296]",RRMx3,KIAA1978,\N,\N,
1542,ENSG00000162374,3/18/2010,6/28/2010,ELAVL4,"ELAV (embryonic lethal, abnormal vision, Drosophila)-like 4 (Hu antigen D) [Source:HGNC Symbol;Acc:3315]",RRMx3,PNEM,\N,\N,
1543,ENSG00000162437,3/18/2010,5/30/2010,RAVER2,"ribonucleoprotein, PTB-binding 2 [Source:HGNC Symbol;Acc:25577]",RRMx3,KIAA1579; FLJ10770,\N,\N,
1544,ENSG00000162613,3/18/2010,7/8/2010,FUBP1,far upstream element (FUSE) binding protein 1 [Source:HGNC Symbol;Acc:4004],KHx4,FBP,\N,\N,
1545,ENSG00000162775,3/18/2010,5/3/2010,RBM15,RNA binding motif protein 15 [Source:HGNC Symbol;Acc:14959],RRMx3,OTT; OTT1,\N,\N,
1546,ENSG00000163214,3/18/2010,7/14/2010,DHX57,DEAH (Asp-Glu-Ala-Asp/His) box polypeptide 57 [Source:HGNC Symbol;Acc:20086],Znf_CCCHx1,DDX57,\N,\N,
1547,ENSG00000163239,3/18/2010,7/23/2010,TDRD10,tudor domain containing 10 [Source:HGNC Symbol;Acc:25316],RRMx1,DKFZp434M202,\N,\N,
1548,ENSG00000163659,3/18/2010,7/23/2010,TIPARP,TCDD-inducible poly(ADP-ribose) polymerase [Source:HGNC Symbol;Acc:23696],Znf_CCCHx1,DKFZP434J214; DKFZp686N0351; DDF1; PARP7; PARP-7; PARP-1; pART14; RM1,\N,\N,
1549,ENSG00000163694,3/18/2010,7/23/2010,RBM47,RNA binding motif protein 47 [Source:HGNC Symbol;Acc:30358],RRMx3,FLJ20273; NET18,\N,\N,
1550,ENSG00000163714,3/18/2010,4/7/2010,SR140,U2-associated protein SR140 (140 kDa Ser/Arg-rich domain protein) [Source:UniProtKB/Swiss-Prot;Acc:O15042],RRMx1; Surpx1,,\N,\N,
1551,ENSG00000163728,3/18/2010,7/23/2010,TTC14,tetratricopeptide repeat domain 14 [Source:HGNC Symbol;Acc:24697],S1x1,FLJ00166; KIAA1980,\N,\N,
1553,ENSG00000164167,3/18/2010,7/20/2010,LSM6,"LSM6 homolog, U6 small nuclear RNA associated (S. cerevisiae) [Source:HGNC Symbol;Acc:17017]",LSmx1,YDR378C,\N,\N,
1555,ENSG00000164548,3/18/2010,5/14/2010,TRA2A,transformer 2 alpha homolog (Drosophila) [Source:HGNC Symbol;Acc:16645],RRMx1,htra-2-alpha; tra2a,\N,\N,
1558,ENSG00000165119,3/18/2010,7/1/2010,HNRNPK,microRNA 7-1 [Source:HGNC Symbol;Acc:31638],KHx3,CSBP; TUNP,\N,\N,
1561,ENSG00000165675,3/18/2010,3/31/2010,ENOX2,ecto-NOX disulfide-thiol exchanger 2 [Source:HGNC Symbol;Acc:2259],RRMx1,APK1; tNOX,\N,\N,
1562,ENSG00000166173,3/18/2010,7/14/2010,LARP6,"La ribonucleoprotein domain family, member 6 [Source:HGNC Symbol;Acc:24012]",Lax1,acheron; FLJ11196,\N,\N,
1564,ENSG00000166783,3/18/2010,7/21/2010,KIAA0430,KIAA0430 [Source:HGNC Symbol;Acc:29562],RRMx2,LKAP,\N,\N,
1565,ENSG00000166831,3/18/2010,7/1/2010,RBPMS2,RNA binding protein with multiple splicing 2 [Source:HGNC Symbol;Acc:19098],RRMx1,,\N,\N,
1566,ENSG00000167088,3/18/2010,7/20/2010,SNRPD1,small nuclear ribonucleoprotein D1 polypeptide 16kDa [Source:HGNC Symbol;Acc:11158],LSmx1,HsT2456; Sm-D1,\N,\N,
1567,ENSG00000167100,3/18/2010,4/25/2010,SAMD14,sterile alpha motif domain containing 14 [Source:HGNC Symbol;Acc:27312],SAMx1,FLJ36890,\N,\N,
1568,ENSG00000167281,3/18/2010,4/7/2010,,Fox-1 homolog C  [Source:UniProtKB/Swiss-Prot;Acc:A6NFN3],RRMx1,,\N,\N,
1571,ENSG00000168002,3/18/2010,5/10/2010,POLR2G,polymerase (RNA) II (DNA directed) polypeptide G [Source:HGNC Symbol;Acc:9194],S1x1,hRPB19; hsRPB7; RPB7,Binds RNA nonspecifically,\N,
1572,ENSG00000168066,3/18/2010,7/8/2010,SF1,splicing factor 1 [Source:HGNC Symbol;Acc:12950],KHx1; Znf_CCHCx1,ZFM1,\N,\N,
1574,ENSG00000169045,3/18/2010,4/25/2010,HNRNPH1,heterogeneous nuclear ribonucleoprotein H1 (H) [Source:HGNC Symbol;Acc:5041],RRMx3; Znf_CHHCx1,hnRNPH,\N,\N,
1575,ENSG00000169249,3/18/2010,4/25/2010,ZRSR2,"zinc finger (CCCH type), RNA-binding motif and serine/arginine rich 2 [Source:HGNC Symbol;Acc:23019]",RRMx1; Znf_CCCHx1,U2AF1-RS2; URP,\N,\N,
1576,ENSG00000169564,3/18/2010,5/3/2010,PCBP1,poly(rC) binding protein 1 [Source:HGNC Symbol;Acc:8647],KHx3,HNRPE1; hnRNP-E1; HNRPX; hnRNP-X,\N,\N,
1577,ENSG00000169800,3/18/2010,7/23/2010,RBMY1F,"RNA binding motif protein, Y-linked, family 1, member F [Source:HGNC Symbol;Acc:23974]",RRMx1,MGC33094,\N,\N,
1578,ENSG00000169813,3/18/2010,4/25/2010,HNRNPF,heterogeneous nuclear ribonucleoprotein F [Source:HGNC Symbol;Acc:5039],RRMx3; Znf_CHHCx1,,\N,\N,
1579,ENSG00000170144,3/18/2010,5/20/2010,HNRNPA3,heterogeneous nuclear ribonucleoprotein A3 [Source:HGNC Symbol;Acc:24941],RRMx2,,\N,\N,
1580,ENSG00000170748,3/18/2010,6/29/2010,RBMXL2,"RNA binding motif protein, X-linked-like 2 [Source:HGNC Symbol;Acc:17886]",RRMx1,HNRNPG-T; HNRPGT,\N,\N,
1581,ENSG00000170860,3/18/2010,7/21/2010,LSM3,"LSM3 homolog, U6 small nuclear RNA associated (S. cerevisiae) [Source:HGNC Symbol;Acc:17874]",LSmx1,YLR438C; SMX4; USS2,\N,\N,
1582,ENSG00000170935,3/18/2010,7/23/2010,NCBP2L,nuclear cap binding protein subunit 2-like [Source:HGNC Symbol;Acc:31795],RRMx1,,\N,\N,
1583,ENSG00000172346,3/18/2010,5/15/2010,CSDC2,"cold shock domain containing C2, RNA binding [Source:HGNC Symbol;Acc:30359]",CSDx1,PIPPin,\N,\N,
1584,ENSG00000172660,3/18/2010,6/1/2010,TAF15,"TAF15 RNA polymerase II, TATA box binding protein (TBP)-associated factor, 68kDa [Source:HGNC Symbol;Acc:11547]",RRMx1; Znf_RanBP2x1,hTAFII68; RBP56; Npl3,\N,\N,
1588,ENSG00000173914,3/18/2010,5/6/2010,RBM4B,RNA binding motif protein 4B [Source:HGNC Symbol;Acc:28842],RRMx2; Znf_CCHCx1,MGC10871; ZCCHC15; RBM4L; ZCRB3B,\N,\N,
1589,ENSG00000173933,3/18/2010,5/6/2010,RBM4,RNA binding motif protein 4 [Source:HGNC Symbol;Acc:9901],RRMx2; Znf_CCHCx1,LARK; RBM4A; ZCRB3A; ZCCHC21,\N,\N,
1590,ENSG00000174720,3/18/2010,7/6/2010,LARP7,"La ribonucleoprotein domain family, member 7 [Source:HGNC Symbol;Acc:24912]",RRMx2; Lax1,HDCMA18P; PIP7S; DKFZP564K112,\N,\N,
1591,ENSG00000174740,3/18/2010,4/6/2010,PABPC5,"poly(A) binding protein, cytoplasmic 5 [Source:HGNC Symbol;Acc:13629]",RRMx4,PABP5,\N,\N,
1593,ENSG00000175324,3/18/2010,7/23/2010,LSM1,"LSM1 homolog, U6 small nuclear RNA associated (S. cerevisiae) [Source:HGNC Symbol;Acc:20472]",LSmx1,CASM; YJL124C,\N,\N,
1594,ENSG00000175718,3/18/2010,6/29/2010,RBMXL3,"RNA binding motif protein, X-linked-like 3 [Source:HGNC Symbol;Acc:26859]",RRMx1,FLJ40249,\N,\N,
1595,ENSG00000176624,3/18/2010,5/11/2010,MEX3C,mex-3 homolog C (C. elegans) [Source:HGNC Symbol;Acc:28040],KHx2; Znf_RINGx1,FLJ38871; RNF194,\N,\N,
1599,ENSG00000177483,3/18/2010,7/23/2010,RBM44,RNA binding motif protein 44 [Source:HGNC Symbol;Acc:24756],RRMx1,FLJ40411,\N,\N,
1601,ENSG00000177613,3/18/2010,5/3/2010,CSTF2T,"cleavage stimulation factor, 3' pre-RNA, subunit 2, 64kDa, tau variant [Source:HGNC Symbol;Acc:17086]",RRMx1,DKFZp434C1013; KIAA0689; CstF-64T,\N,\N,
1602,ENSG00000177733,3/18/2010,5/7/2010,HNRNPA0,heterogeneous nuclear ribonucleoprotein A0 [Source:HGNC Symbol;Acc:5030],RRMx2,hnRNPA0,\N,\N,
1603,ENSG00000178199,3/18/2010,4/28/2010,ZC3H12D,zinc finger CCCH-type containing 12D [Source:HGNC Symbol;Acc:21175],Znf_CCCHx1,dJ281H8.1; MCPIP4,\N,\N,
1604,ENSG00000179134,3/18/2010,4/29/2010,SAMD4B,sterile alpha motif domain containing 4B [Source:HGNC Symbol;Acc:25492],SAMx1,FLJ10211; MGC99832; SMGB; hSmaug2,\N,\N,
1605,ENSG00000179172,3/18/2010,5/7/2010,HNRNPCL1,heterogeneous nuclear ribonucleoprotein C-like 1 [Source:HGNC Symbol;Acc:29295],RRMx1,,\N,\N,
1606,ENSG00000179455,3/18/2010,7/14/2010,MKRN3,makorin ring finger protein 3 [Source:HGNC Symbol;Acc:7114],Znf_CCCHx3; Znf_RINGx1,RNF63; ZFP127; MGC88288,\N,\N,
1607,ENSG00000179837,3/18/2010,5/3/2010,RBM15B,RNA binding motif protein 15B [Source:HGNC Symbol;Acc:24303],RRMx3,HUMAGCGB; OTT3,\N,\N,
1608,ENSG00000179950,3/18/2010,5/7/2010,PUF60,poly-U binding splicing factor 60KDa [Source:HGNC Symbol;Acc:17042],RRMx3,FIR; SIAHBP1; RoBPI,\N,\N,
1609,ENSG00000180098,3/18/2010,7/14/2010,TRNAU1AP,tRNA selenocysteine 1 associated protein 1 [Source:HGNC Symbol;Acc:30813],RRMx2,SECP43; FLJ20503,\N,\N,
1610,ENSG00000180771,3/18/2010,7/23/2010,SFRS2B,"splicing factor, arginine/serine-rich 2B [Source:HGNC Symbol;Acc:16988]",RRMx1,SRP46,\N,\N,
1611,ENSG00000181588,3/18/2010,5/11/2010,MEX3D,mex-3 homolog D (C. elegans) [Source:HGNC Symbol;Acc:16734],KHx2; Znf_RINGx1,Tino; KIAA2031; OK/SW-cl.4; RNF193,\N,\N,
1612,ENSG00000181817,3/18/2010,7/21/2010,LSM10,"LSM10, U7 small nuclear RNA associated [Source:HGNC Symbol;Acc:17562]",LSmx1,MGC15749,\N,\N,
1613,ENSG00000182004,3/18/2010,7/14/2010,SNRPE,small nuclear ribonucleoprotein polypeptide E [Source:HGNC Symbol;Acc:11161],LSmx1,Sm-E,\N,\N,
1615,ENSG00000182134,3/18/2010,7/14/2010,TDRKH,tudor and KH domain containing [Source:HGNC Symbol;Acc:11713],KHx2,TDRD2,\N,\N,
1617,ENSG00000182872,3/18/2010,4/24/2010,RBM10,RNA binding motif protein 10 [Source:HGNC Symbol;Acc:9896],RRMx2; Znf_C2H2x1; Znf_RanBP2x1,DXS8237E; KIAA0122; GPATC9; ZRANB5; GPATCH9,\N,\N,
1618,ENSG00000182909,3/18/2010,7/23/2010,LENG9,leukocyte receptor cluster (LRC) member 9 [Source:HGNC Symbol;Acc:16306],Znf_CCCHx1,,\N,\N,
1619,ENSG00000182944,3/18/2010,6/1/2010,EWSR1,Ewing sarcoma breakpoint region 1 [Source:HGNC Symbol;Acc:3508],RRMx1; Znf_RanBP2,EWS,\N,\N,
1620,ENSG00000183011,3/18/2010,7/21/2010,LSMD1,LSM domain containing 1 [Source:HGNC Symbol;Acc:28212],LSmx1,MGC14151; PFAAP2,\N,\N,
1622,ENSG00000183403,3/18/2010,7/23/2010,DND1,dead end homolog 1 (zebrafish) [Source:HGNC Symbol;Acc:23799],RRMx2,MGC34750; RBMS4,\N,\N,
1623,ENSG00000183496,3/18/2010,5/11/2010,MEX3B,mex-3 homolog B (C. elegans) [Source:HGNC Symbol;Acc:25297],KHx2; Znf_RINGx1,DKFZp434J0617; RNF195,\N,\N,
1624,ENSG00000183570,3/18/2010,5/3/2010,PCBP3,poly(rC) binding protein 3 [Source:HGNC Symbol;Acc:8651],KHx3,,\N,\N,
1625,ENSG00000183684,3/18/2010,6/29/2010,THOC4,THO complex 4 [Source:HGNC Symbol;Acc:19071],RRMx1,ALY; BEF,\N,\N,
1626,ENSG00000183808,3/18/2010,7/21/2010,RBM12B,RNA binding motif protein 12B [Source:HGNC Symbol;Acc:32310],RRMx5,,\N,\N,
1627,ENSG00000184209,3/18/2010,7/23/2010,SNRNP35,small nuclear ribonucleoprotein 35kDa (U11/U12) [Source:HGNC Symbol;Acc:30852],RRMx1,U1SNRNPBP,\N,\N,
1628,ENSG00000184388,3/18/2010,4/6/2010,PABPC1L2B,"poly(A) binding protein, cytoplasmic 1-like 2B [Source:HGNC Symbol;Acc:31852]",RRMx2,,\N,\N,
1629,ENSG00000184672,3/18/2010,5/7/2010,RALYL,RALY RNA binding protein-like [Source:HGNC Symbol;Acc:27036],,HNRPCL3,\N,\N,
1630,ENSG00000184735,3/18/2010,7/21/2010,DDX53,DEAD (Asp-Glu-Ala-Asp) box polypeptide 53 [Source:HGNC Symbol;Acc:20083],KHx1,CAGE; CT26,\N,\N,
1631,ENSG00000184863,3/18/2010,7/23/2010,RBM33,RNA binding motif protein 33 [Source:HGNC Symbol;Acc:27223],RRMx1,DKFZp686F102; MGC20460; DKFZp434D1319,\N,\N,
1632,ENSG00000184898,3/18/2010,7/23/2010,RBM43,RNA binding motif protein 43 [Source:HGNC Symbol;Acc:24790],RRMx1; Lax1,FLJ45645,\N,\N,
1634,ENSG00000185272,3/18/2010,4/5/2010,RBM11,RNA binding motif protein 11 [Source:HGNC Symbol;Acc:9897],RRMx1,,\N,\N,
1635,ENSG00000185650,3/18/2010,4/27/2010,ZFP36L1,"zinc finger protein 36, C3H type-like 1 [Source:HGNC Symbol;Acc:1107]",Znf_CCCHx2,RNF162B; Berg36; ERF1; TIS11B; cMG1,\N,\N,
1636,ENSG00000185728,3/18/2010,5/15/2010,YTHDF3,"YTH domain family, member 3 [Source:HGNC Symbol;Acc:26465]",YTHx1,FLJ31657,\N,\N,
1637,ENSG00000185946,3/18/2010,4/7/2010,RNPC3,"RNA-binding region (RNP1, RRM) containing 3 [Source:HGNC Symbol;Acc:18666]",RRMx2,KIAA1839; FLJ20008; RBM40,\N,\N,
1638,ENSG00000186288,3/18/2010,4/6/2010,PABPC1L2A,"poly(A) binding protein, cytoplasmic 1-like 2A [Source:HGNC Symbol;Acc:27989]",RRMx2,,\N,\N,
1642,ENSG00000187191,3/18/2010,3/22/2010,DAZ3,deleted in azoospermia 3 [Source:HGNC Symbol;Acc:15965],RRMx1,,\N,\N,
1643,ENSG00000187456,3/18/2010,7/23/2010,RDM1,RAD52 motif 1 [Source:HGNC Symbol;Acc:19950],RRMx1,MGC33977,\N,\N,
1645,ENSG00000187772,3/18/2010,5/4/2010,LIN28B,lin-28 homolog B (C. elegans) [Source:HGNC Symbol;Acc:32207],CSDx1; Znf_CCHCx2,FLJ16517; CSDD2,\N,\N,
1646,ENSG00000187959,3/18/2010,7/23/2010,CPSF4L,cleavage and polyadenylation specific factor 4-like [Source:HGNC Symbol;Acc:33632],Znf_CCCHx5,,\N,\N,
1647,ENSG00000188120,3/18/2010,3/22/2010,DAZ1,deleted in azoospermia 1 [Source:HGNC Symbol;Acc:2682],RRMx3,SPGY,\N,\N,
1648,ENSG00000188177,3/18/2010,4/28/2010,ZC3H6,zinc finger CCCH-type containing 6 [Source:HGNC Symbol;Acc:24762],Znf_CCCHx2,FLJ41410; FLJ45877; KIAA2035,\N,\N,
1649,ENSG00000188529,3/18/2010,4/7/2010,SFRS13A,"splicing factor, arginine/serine-rich 13A [Source:HGNC Symbol;Acc:16713]",RRMx1,TASR1; TASR2; SRp38; SRrp40; SFRS13; FUSIP1; FUSIP2,\N,\N,
1650,ENSG00000188739,3/18/2010,5/3/2010,RBM34,RNA binding motif protein 34 [Source:HGNC Symbol;Acc:28965],RRMx2,KIAA0117,\N,\N,
1651,ENSG00000189306,3/18/2010,5/3/2010,RRP7A,ribosomal RNA processing 7 homolog A (S. cerevisiae) [Source:HGNC Symbol;Acc:24286],RRMx1,CGI-96,\N,\N,
1654,ENSG00000196361,3/18/2010,6/28/2010,ELAVL3,"ELAV (embryonic lethal, abnormal vision, Drosophila)-like 3 (Hu antigen C) [Source:HGNC Symbol;Acc:3314]",RRMx3,HUC; PLE21; DKFZp547J036; HUCL; MGC20653,\N,\N,
1656,ENSG00000196943,3/18/2010,7/14/2010,C14orf21,Pumilio domain-containing protein C14orf21  [Source:UniProtKB/Swiss-Prot;Acc:Q86U38],Pumx7,,\N,\N,
1657,ENSG00000197111,3/18/2010,5/3/2010,PCBP2,poly(rC) binding protein 2 [Source:HGNC Symbol;Acc:8648],KHx3,HNRPE2; hnRNP-E2,Binds ssDNA (PMID: 15331611),\N,
1658,ENSG00000197114,3/18/2010,4/25/2010,ZGPAT,"zinc finger, CCCH-type with G patch domain [Source:HGNC Symbol;Acc:15948]",Znf_CCCHx1,dJ583P15.3; MGC44880; FLJ14972; ZC3HDC9; ZC3H9; GPATC6; GPATCH6; ZIP,\N,\N,
1659,ENSG00000197451,3/18/2010,5/5/2010,HNRNPAB,heterogeneous nuclear ribonucleoprotein A/B [Source:HGNC Symbol;Acc:5034],RRMx2,ABBP1; FLJ40338,\N,\N,
1661,ENSG00000198000,3/18/2010,7/14/2010,NOL8,nucleolar protein 8 [Source:HGNC Symbol;Acc:23387],RRMx1,FLJ20736; Nop132,\N,\N,
1662,ENSG00000198265,3/18/2010,4/28/2010,HELZ,helicase with zinc finger [Source:HGNC Symbol;Acc:16878],Znf_CCCHx1,KIAA0054; HUMORF5; DHRC,\N,\N,
1663,ENSG00000198492,3/18/2010,5/15/2010,YTHDF2,"YTH domain family, member 2 [Source:HGNC Symbol;Acc:31675]",YTHx1,HGRG8; NY-REN-2,\N,\N,
1665,ENSG00000198879,3/18/2010,7/23/2010,SFMBT2,Scm-like with four mbt domains 2 [Source:HGNC Symbol;Acc:20256],RRMx1,KIAA1617,\N,\N,
1666,ENSG00000198945,3/18/2010,7/23/2010,L3MBTL3,l(3)mbt-like 3 (Drosophila) [Source:HGNC Symbol;Acc:23035],RRMx1; Lax1,KIAA1798,\N,\N,
1669,ENSG00000203759,3/18/2010,5/11/2010,MEX3A,mex-3 homolog A (C. elegans) [Source:HGNC Symbol;Acc:33482],KHx2; Znf_CCCHx1,,\N,\N,
1670,ENSG00000203867,3/18/2010,7/23/2010,RBM20,RNA binding motif protein 20 [Source:HGNC Symbol;Acc:27424],RRMx1; Znf_C2H2x2,,\N,\N,
1671,ENSG00000203909,3/18/2010,7/23/2010,DPPA5,developmental pluripotency associated 5 [Source:HGNC Symbol;Acc:19201],KHx1,Esg1,\N,\N,
1673,ENSG00000204356,3/18/2010,7/20/2010,MIR1236,microRNA 1236 [Source:HGNC Symbol;Acc:33925],RRMx1,,\N,\N,
1674,ENSG00000204392,3/18/2010,7/14/2010,,U6 snRNA-associated Sm-like protein LSm2 (snRNP core Sm-like protein Sm-x5)(Small nuclear ribonuclear protein D homolog)(Protein G7b) [Source:UniProtKB/Swiss-Prot;Acc:Q9Y333],LSmx1,,\N,\N,
1675,ENSG00000204569,3/18/2010,4/27/2010,PPP1R10,Serine/threonine-protein phosphatase 1 regulatory subunit 10 (Phosphatase 1 nuclear targeting subunit)(MHC class I region proline-rich protein CAT53)(FB19 protein)(PP1-binding protein of 114 kDa)(p99) [Source:UniProtKB/Swiss-Prot;Acc:Q96QC0],Znf_CCCHx1,,\N,\N,
1676,ENSG00000204576,3/18/2010,5/5/2010,PRR3,Proline-rich protein 3 (MHC class I region proline-rich protein CAT56) [Source:UniProtKB/Swiss-Prot;Acc:P79522],Znf_CCCHx1,,\N,\N,
1677,ENSG00000205022,3/18/2010,4/7/2010,PABPN1L,"poly(A) binding protein, nuclear 1-like (cytoplasmic) [Source:HGNC Symbol;Acc:37237]",RRMx1,ePABP2,\N,\N,
1679,ENSG00000205937,3/18/2010,4/7/2010,RNPS1,"RNA binding protein S1, serine-rich domain [Source:HGNC Symbol;Acc:10080]",RRMx1,,\N,\N,
1680,ENSG00000205944,3/18/2010,3/22/2010,DAZ2,deleted in azoospermia 2 [Source:HGNC Symbol;Acc:15964],RRMx1,pDP1678; MGC126442,\N,\N,
1686,ENSG00000212643,3/18/2010,4/25/2010,ZRSR1,"U2 small nuclear ribonucleoprotein auxiliary factor 35 kDa subunit-related protein 1 (U2(RNU2) small nuclear RNA auxiliary factor 1-like 1)(CCCH type zinc finger, RNA-binding motif and serine/arginine rich protein 1) [Source:UniProtKB/Swiss-Prot;Acc:Q15695]",RRMx1; Znf_CCCHx1,,\N,\N,
1687,ENSG00000213079,3/18/2010,4/28/2010,RBM16,RNA binding motif protein 16 [Source:HGNC Symbol;Acc:20959],RRMx1,KIAA1116,\N,\N,
1688,ENSG00000213250,3/18/2010,4/5/2010,,Putative uncharacterized protein ENSP00000395989  [Source:UniProtKB/TrEMBL;Acc:C9JFH9],RRMx2,,\N,\N,
1690,ENSG00000213516,3/18/2010,6/29/2010,RBMXL1,"RNA binding motif protein, X-linked-like 1 [Source:HGNC Symbol;Acc:25073]",RRMx1,KAT3,\N,\N,
1691,ENSG00000214575,3/18/2010,4/1/2010,CPEB1,cytoplasmic polyadenylation element binding protein 1 [Source:HGNC Symbol;Acc:21744],RRMx2,FLJ13203; CPEB,\N,\N,
1693,ENSG00000215042,3/18/2010,4/5/2010,,Putative uncharacterized protein ENSP00000388079 Fragment  [Source:UniProtKB/TrEMBL;Acc:C9JXI7],RRMx3,,\N,\N,
1694,ENSG00000215492,3/18/2010,5/20/2010,,Putative uncharacterized protein ENSP00000383298  [Source:UniProtKB/TrEMBL;Acc:C9JCD7],RRMx2,,\N,\N,
1703,ENSG00000226941,3/18/2010,7/23/2010,RBMY1J,"RNA binding motif protein, Y-linked, family 1, member J [Source:HGNC Symbol;Acc:23917]",RRMx1,,\N,\N,
1704,ENSG00000227624,3/18/2010,7/23/2010,SNRPEL1,small nuclear ribonucleoprotein polypeptide E-like 1 [Source:HGNC Symbol;Acc:20733],LSmx1,bA390F4.4,\N,\N,
1714,ENSG00000231942,3/18/2010,4/5/2010,,Putative uncharacterized protein ENSP00000394145 Fragment  [Source:UniProtKB/TrEMBL;Acc:C9JK19],RRMx2,,\N,\N,
1715,ENSG00000232119,3/18/2010,7/14/2010,MCTS1,malignant T cell amplified sequence 1 [Source:HGNC Symbol;Acc:23357],PUAx1,MCT-1,\N,\N,
1716,ENSG00000233034,3/18/2010,4/6/2010,PABPC4L,"poly(A) binding protein, cytoplasmic 4-like [Source:HGNC Symbol;Acc:31955]",RRMx4,,\N,\N,
1720,ENSG00000234414,3/18/2010,7/23/2010,RBMY1A1,"RNA binding motif protein, Y-linked, family 1, member A1 [Source:HGNC Symbol;Acc:9912]",RRMx1,YRRM1; YRRM2,\N,\N,
1724,ENSG00000238222,3/18/2010,7/14/2010,MKRNP5,makorin ring finger protein pseudogene 5 [Source:HGNC Symbol;Acc:7115],,,\N,\N,
1725,ENSG00000239306,3/18/2010,5/13/2010,RBM14,RNA binding motif protein 14 [Source:HGNC Symbol;Acc:14219],RRMx2,SIP; SYTIP1; COAA; DKFZp779J0927,\N,\N,
1726,ENSG00000241058,3/18/2010,7/21/2010,NSUN6,"NOP2/Sun domain family, member 6 [Source:HGNC Symbol;Acc:23529]",PUAx1,FLJ23743,\N,\N,
1727,ENSG00000242204,3/18/2010,7/23/2010,UNKL,unkempt homolog (Drosophila)-like [Source:HGNC Symbol;Acc:14184],Znf_CCCHx3,ZC3HDC5L; ZC3H5L; FLJ23360,\N,\N,
1728,ENSG00000242389,3/18/2010,7/23/2010,RBMY1E,"RNA binding motif protein, Y-linked, family 1, member E [Source:HGNC Symbol;Acc:23916]",RRMx1,,\N,\N,
1729,ENSG00000242466,3/18/2010,7/23/2010,HNRNPA1L2,heterogeneous nuclear ribonucleoprotein A1-like 2 [Source:HGNC Symbol;Acc:27067],RRMx2,LOC144983,\N,\N,
1730,ENSG00000242875,3/18/2010,4/5/2010,RBMY1B,"RNA binding motif protein, Y-linked, family 1, member B [Source:HGNC Symbol;Acc:23914]",RRMx1,,\N,\N,
1731,ENSG00000244395,3/18/2010,7/23/2010,RBMY1D,"RNA binding motif protein, Y-linked, family 1, member D [Source:HGNC Symbol;Acc:23915]",RRMx1,,\N,\N,
1732,ENSG00000244462,3/18/2010,4/25/2010,RBM12,RNA binding motif protein 12 [Source:HGNC Symbol;Acc:9898],RRMx4,HRIHFB2091; KIAA0765; SWAN,\N,\N,
2465,ENSG00000205916,5/12/2010,7/23/2010,DAZ4,deleted in azoospermia 4 [Source:HGNC Symbol;Acc:15966],RRMx1,,\N,\N,
2466,ENSG00000145214,5/12/2010,7/21/2010,DGKQ,"diacylglycerol kinase, theta 110kDa [Source:HGNC Symbol;Acc:2856]",RRMx1,DAGK; DAGK7,\N,\N,
2469,ENSG00000134453,5/12/2010,7/21/2010,RBM17,RNA binding motif protein 17 [Source:HGNC Symbol;Acc:16944],RRMx1,SPF45; MGC14439,\N,\N,
2471,ENSG00000160294,5/12/2010,7/20/2010,MCM3AP,minichromosome maintenance complex component 3 associated protein [Source:HGNC Symbol;Acc:6946],RRMx1,Map80; KIAA0572; GANP,\N,\N,
2472,ENSG00000140694,5/12/2010,7/23/2010,PARN,poly(A)-specific ribonuclease (deadenylation nuclease) [Source:HGNC Symbol;Acc:8609],RRMx1,DAN,\N,\N,
2476,ENSG00000137462,5/12/2010,7/23/2010,TLR2,toll-like receptor 2 [Source:HGNC Symbol;Acc:11848],Lax1,TIL4; CD282,\N,\N,
2477,ENSG00000178685,5/12/2010,7/23/2010,PARP10,"poly (ADP-ribose) polymerase family, member 10 [Source:HGNC Symbol;Acc:25895]",RRMx1,FLJ14464,\N,\N,
2478,ENSG00000073146,5/12/2010,7/23/2010,MOV10L1,"Mov10l1, Moloney leukemia virus 10-like 1, homolog (mouse) [Source:HGNC Symbol;Acc:7201]",CSDx1,DJ402G11.8; DKFZp434B0717,\N,\N,
2479,ENSG00000060339,5/12/2010,7/23/2010,CCAR1,cell division cycle and apoptosis regulator 1 [Source:HGNC Symbol;Acc:24236],CSDx1,FLJ10590; CARP-1; CARP1,\N,\N,
2480,ENSG00000174106,5/12/2010,7/23/2010,LEMD3,LEM domain containing 3 [Source:HGNC Symbol;Acc:28887],RRMx1,MAN1,\N,\N,
2481,ENSG00000125351,5/12/2010,7/23/2010,UPF3B,UPF3 regulator of nonsense transcripts homolog B (yeast) [Source:HGNC Symbol;Acc:20439],RRMx1,RENT3B; UPF3X; HUPF3B,\N,\N,
2483,ENSG00000172348,5/12/2010,7/23/2010,RCAN2,regulator of calcineurin 2 [Source:HGNC Symbol;Acc:3041],RRMx1,ZAKI-4,\N,\N,
2484,ENSG00000087087,5/12/2010,7/24/2010,SRRT,serrate RNA effector molecule homolog (Arabidopsis) [Source:HGNC Symbol;Acc:24101],RRMx1,Asr2; serrate; ARS2,\N,\N,
2486,ENSG00000163874,5/12/2010,5/13/2010,ZC3H12A,zinc finger CCCH-type containing 12A [Source:HGNC Symbol;Acc:26259],Znf_CCCHx1,FLJ23231; MCPIP1,\N,\N,
2487,ENSG00000146858,5/12/2010,7/23/2010,ZC3HAV1L,"zinc finger CCCH-type, antiviral 1-like [Source:HGNC Symbol;Acc:22423]",Znf_CCCHx1,MGC14289,\N,\N,
2488,ENSG00000173193,5/12/2010,7/23/2010,PARP14,"poly (ADP-ribose) polymerase family, member 14 [Source:HGNC Symbol;Acc:29232]",RRMx1,KIAA1268; pART8,\N,\N,
2489,ENSG00000196187,5/12/2010,7/23/2010,TMEM63A,transmembrane protein 63A [Source:HGNC Symbol;Acc:29118],RRMx1,,\N,\N,
2557,ENSG00000163950,7/21/2010,7/24/2010,SLBP,stem-loop binding protein [Source:HGNC Symbol;Acc:10904],,HBP,\N,\N,
2625,ENSG00000122034,7/27/2010,7/28/2010,GTF3A,general transcription factor IIIA [Source:HGNC Symbol;Acc:4662],Znf_C2H2x8,\N,\N,\N,
2626,ENSG00000083635,7/27/2010,7/28/2010,NUFIP1,nuclear fragile X mental retardation protein interacting protein 1 [Source:HGNC Symbol;Acc:8057],Znf_C2H2x1,\N,\N,\N,
2627,ENSG00000167978,7/27/2010,7/28/2010,SRRM2,serine/arginine repetitive matrix 2 [Source:HGNC Symbol;Acc:16639],,\N,\N,\N,
2628,ENSG00000137074,7/27/2010,7/28/2010,APTX,aprataxin [Source:HGNC Symbol;Acc:15984],,\N,,\N,
2629,ENSG00000056097,7/27/2010,7/28/2010,ZFR,zinc finger RNA binding protein [Source:HGNC Symbol;Acc:17277],Znf_C2H2x3,\N,\N,\N,
2630,ENSG00000005007,7/27/2010,7/28/2010,UPF1,UPF1 regulator of nonsense transcripts homolog (yeast) [Source:HGNC Symbol;Acc:9962],,\N,\N,\N,
2631,ENSG00000151657,7/27/2010,7/28/2010,KIN,"KIN, antigenic determinant of recA protein homolog (mouse) [Source:HGNC Symbol;Acc:6327]",Znf_C2H2x1,\N,\N,\N,
2632,ENSG00000196793,7/27/2010,7/28/2010,ZNF239,zinc finger protein 239 [Source:HGNC Symbol;Acc:13031],Znf_C2H2x8,\N,\N,\N,
2633,ENSG00000185252,7/27/2010,7/28/2010,ZNF74,zinc finger protein 74 [Source:HGNC Symbol;Acc:13144],Znf_C2H2x12,\N,\N,\N,
2634,ENSG00000124562,7/27/2010,7/28/2010,SNRPC,small nuclear ribonucleoprotein polypeptide C [Source:HGNC Symbol;Acc:11157],Znf_C2H2x1,\N,\N,\N,
2635,ENSG00000121486,7/27/2010,7/28/2010,C1orf25,TRM1-like protein  [Source:UniProtKB/Swiss-Prot;Acc:Q7Z2T5],Znf_C2H2x1,\N,\N,\N,
2654,ENSG00000105278,7/27/2010,7/28/2010,ZFR2,zinc finger RNA binding protein 2 [Source:HGNC Symbol;Acc:29189],Znf_C2H2x3,\N,\N,\N,
2663,ENSG00000136381,8/12/2010,\N,IREB2,iron-responsive element binding protein 2 [Source:HGNC Symbol;Acc:6115],,ACO3; IRP2; IRP2AD; FLJ23381; IREB2,\N,\N,
2664,ENSG00000122729,8/12/2010,\N,ACO1,"aconitase 1, soluble [Source:HGNC Symbol;Acc:117]",,IRP1; ACONS; IREB1; IREBP; IREBP1; ACO1,\N,\N,
2911,ENSG00000116747,10/7/2010,10/7/2010,TROVE2,"TROVE domain family, member 2 [Source:HGNC Symbol;Acc:11313]",TROVEx1,RO60; SSA2; RORNP;,\N,\N,
2912,ENSG00000129566,10/7/2010,10/7/2010,TEP1,telomerase-associated protein 1 [Source:HGNC Symbol;Acc:11726],TROVEx1,p240; TLP1; TP1; TROVE1; VAULT2,\N,\N,
2915,ENSG00000111640,11/23/2010,11/23/2010,GAPDH,glyceraldehyde-3-phosphate dehydrogenase [Source:HGNC Symbol;Acc:4141],\N,GAPD,\N,\N,
2917,ENSG00000132485,11/24/2010,\N,ZRANB2,"zinc finger, RAN-binding domain containing 2 [Source:HGNC Symbol;Acc:13058]",Znf_RanBP2x2,\N,\N,\N,
